"Supplementary Table 15. Genes significantly associated with intelligence in gene-based association tests (GWGAS) for 269,867 independent individuals.",,,,,,,,,,,,,,,,,,,,,,,,
"Note: GWGAS tests were performed in MAGMA and represent the aggregate effect of all SNPs in a gene (defined by GRCh37 reference genome locations). Bonferroni threshold of significance for 18,128 genes was 2.76E-06. ",,,,,,,,,,,,,,,,,,,,,,,,
,,,,,,,,,,,,,,,,,,,,,,,,
,,,,,,,,,,,,,,,,,,,,,,,,
Gene ID,Chr,Start BP,End BP,N SNPs in Gene,Z score,P,Gene Name,,,,,,,,,,,,,,,,,
63891,3,49726950,49758962,72,12.007,1.63E-33,RNF123,,,,,,,,,,,,,,,,,
9807,3,49761728,49823973,132,11.582,2.55E-31,IP6K1,,,,,,,,,,,,,,,,,
8927,3,49591922,49708982,219,10.574,1.96E-26,BSN,,,,,,,,,,,,,,,,,
10293,3,49866028,49893992,49,10.294,3.76E-25,TRAIP,,,,,,,,,,,,,,,,,
487,16,28889192,28915830,42,9.8199,4.62E-23,ATP2A1,,,,,,,,,,,,,,,,,
1630,18,49866542,51062273,5431,9.7506,9.17E-23,DCC,,,,,,,,,,,,,,,,,
1605,3,49506136,49573051,142,9.3778,3.37E-21,DAG1,,,,,,,,,,,,,,,,,
10181,3,50126341,50156397,37,9.3498,4.39E-21,RBM5,,,,,,,,,,,,,,,,,
327,3,49711427,49720936,15,9.2826,8.27E-21,APEH,,,,,,,,,,,,,,,,,
79012,3,49895414,49907655,22,9.2529,1.09E-20,CAMKV,,,,,,,,,,,,,,,,,
389118,3,49828165,49837254,26,9.1862,2.03E-20,CDHR4,,,,,,,,,,,,,,,,,
387,3,49396569,49449526,114,8.9754,1.41E-19,RHOA,,,,,,,,,,,,,,,,,
10180,3,49977474,50114685,281,8.9116,2.51E-19,RBM6,,,,,,,,,,,,,,,,,
257194,1,71868625,72748533,2142,8.9003,2.79E-19,NEGR1,,,,,,,,,,,,,,,,,
84315,3,49946302,49967445,34,8.8181,5.82E-19,MON1A,,,,,,,,,,,,,,,,,
60412,7,132937823,133750514,2085,8.7326,1.24E-18,EXOC4,,,,,,,,,,,,,,,,,
54715,16,5289469,7763342,16144,8.671,2.14E-18,RBFOX1,,,,,,,,,,,,,,,,,
11273,16,28834369,28848558,37,8.6582,2.40E-18,ATXN2L,,,,,,,,,,,,,,,,,
4485,3,49721380,49726196,9,8.6515,2.54E-18,MST1,,,,,,,,,,,,,,,,,
1434,20,47662783,47713497,144,8.5974,4.08E-18,CSE1L,,,,,,,,,,,,,,,,,
26053,7,69063905,70257885,3410,8.5157,8.28E-18,AUTS2,,,,,,,,,,,,,,,,,
84276,3,49459766,49466777,10,8.4168,1.94E-17,NICN1,,,,,,,,,,,,,,,,,
83698,7,71244476,71912136,2403,8.3814,2.61E-17,CALN1,,,,,,,,,,,,,,,,,
25970,16,28872939,28885534,17,8.3599,3.14E-17,SH2B1,,,,,,,,,,,,,,,,,
6780,20,47729876,47804907,200,8.313,4.66E-17,STAU1,,,,,,,,,,,,,,,,,
4486,3,49924435,49941311,31,8.2813,6.09E-17,MST1R,,,,,,,,,,,,,,,,,
54790,4,106067032,106200960,423,8.2197,1.02E-16,TET2,,,,,,,,,,,,,,,,,
8729,10,104005255,104142656,258,8.1545,1.75E-16,GBF1,,,,,,,,,,,,,,,,,
275,3,49454211,49460111,9,8.1493,1.83E-16,AMT,,,,,,,,,,,,,,,,,
6988,3,49449639,49453909,10,8.1137,2.45E-16,TCTA,,,,,,,,,,,,,,,,,
6817,16,28616908,28634907,27,7.8672,1.81E-15,SULT1A1,,,,,,,,,,,,,,,,,
6799,16,28603264,28611058,31,7.7523,4.51E-15,SULT1A2,,,,,,,,,,,,,,,,,
4248,22,39843235,39888199,83,7.661,9.22E-15,MGAT3,,,,,,,,,,,,,,,,,
112869,16,28565249,28603111,100,7.6327,1.15E-14,CCDC101,,,,,,,,,,,,,,,,,
6405,3,50192562,50226508,82,7.6261,1.21E-14,SEMA3F,,,,,,,,,,,,,,,,,
7284,16,28853732,28857729,7,7.6024,1.45E-14,TUFM,,,,,,,,,,,,,,,,,
79874,16,28915742,28937339,33,7.5906,1.59E-14,RABEP2,,,,,,,,,,,,,,,,,
2876,3,49394609,49395791,2,7.5814,1.71E-14,GPX1,,,,,,,,,,,,,,,,,
7318,3,49842638,49851391,18,7.578,1.75E-14,UBA7,,,,,,,,,,,,,,,,,
4208,5,88014058,88199922,416,7.5481,2.21E-14,MEF2C,,,,,,,,,,,,,,,,,
23109,12,49388933,49393088,7,7.5405,2.34E-14,DDN,,,,,,,,,,,,,,,,,
55911,16,28505970,28510291,8,7.5186,2.77E-14,APOBR,,,,,,,,,,,,,,,,,
8085,12,49412758,49453935,55,7.5022,3.14E-14,KMT2D,,,,,,,,,,,,,,,,,
10564,20,47538250,47653230,320,7.4969,3.27E-14,ARFGEF2,,,,,,,,,,,,,,,,,
27086,3,71003865,71633140,1622,7.4322,5.34E-14,FOXP1,,,,,,,,,,,,,,,,,
116987,2,236402733,237040444,1793,7.4128,6.18E-14,AGAP1,,,,,,,,,,,,,,,,,
2309,6,108881026,109005972,292,7.4059,6.51E-14,FOXO3,,,,,,,,,,,,,,,,,
27044,7,127292043,127732659,1040,7.3983,6.89E-14,SND1,,,,,,,,,,,,,,,,,
27332,2,71503729,71662191,544,7.3949,7.08E-14,ZNF638,,,,,,,,,,,,,,,,,
164832,2,100889753,100939195,224,7.3538,9.63E-14,LONRF2,,,,,,,,,,,,,,,,,
246778,16,28510683,28518155,16,7.352,9.76E-14,IL27,,,,,,,,,,,,,,,,,
930,16,28943082,28950668,9,7.3221,1.22E-13,CD19,,,,,,,,,,,,,,,,,
6138,3,23958295,23965187,23,7.2459,2.15E-13,RPL15,,,,,,,,,,,,,,,,,
54870,3,49067140,49131504,110,7.2291,2.43E-13,QRICH1,,,,,,,,,,,,,,,,,
5662,10,104162374,104179691,28,7.2151,2.69E-13,PSD,,,,,,,,,,,,,,,,,
5934,16,53468351,53525560,119,7.1852,3.35E-13,RBL2,,,,,,,,,,,,,,,,,
7375,3,49314577,49377536,111,7.1767,3.57E-13,USP4,,,,,,,,,,,,,,,,,
22843,17,56833230,57062540,484,7.1489,4.37E-13,PPM1E,,,,,,,,,,,,,,,,,
11122,20,40701392,41818557,4072,7.1405,4.65E-13,PTPRT,,,,,,,,,,,,,,,,,
64151,4,17812436,17846488,78,7.1284,5.08E-13,NCAPG,,,,,,,,,,,,,,,,,
5188,4,152591808,152682175,258,7.0973,6.36E-13,GATB,,,,,,,,,,,,,,,,,
4591,17,57059999,57184266,292,7.0915,6.64E-13,TRIM37,,,,,,,,,,,,,,,,,
339834,3,49235861,49295636,118,7.0718,7.65E-13,CCDC36,,,,,,,,,,,,,,,,,
375341,3,49306030,49314864,14,7.0442,9.33E-13,C3orf62,,,,,,,,,,,,,,,,,
27327,16,24741028,24837548,250,7.032,1.02E-12,TNRC6A,,,,,,,,,,,,,,,,,
5571,12,49396055,49413012,21,7.0226,1.09E-12,PRKAG1,,,,,,,,,,,,,,,,,
28512,3,23933552,23958537,85,7.022,1.09E-12,NKIRAS1,,,,,,,,,,,,,,,,,
64400,16,53525192,53538323,22,7.0131,1.17E-12,AKTIP,,,,,,,,,,,,,,,,,
5414,17,56597611,56618179,50,6.9715,1.57E-12,SEPT4,,,,,,,,,,,,,,,,,
30819,10,103585731,103603769,41,6.9604,1.70E-12,KCNIP2,,,,,,,,,,,,,,,,,
10454,22,39795759,39833132,73,6.9397,1.97E-12,TAB1,,,,,,,,,,,,,,,,,
5201,5,139624635,139682689,111,6.9374,2.00E-12,PFDN1,,,,,,,,,,,,,,,,,
5309,10,103989946,104001231,20,6.8923,2.74E-12,PITX3,,,,,,,,,,,,,,,,,
254251,4,17844839,18023483,493,6.891,2.77E-12,LCORL,,,,,,,,,,,,,,,,,
343263,1,109834987,109849663,51,6.8617,3.40E-12,MYBPHL,,,,,,,,,,,,,,,,,
6272,1,109852187,109940563,178,6.8572,3.51E-12,SORT1,,,,,,,,,,,,,,,,,
5686,1,109941653,109969108,59,6.8561,3.54E-12,PSMA5,,,,,,,,,,,,,,,,,
6487,1,44173204,44396837,608,6.7966,5.36E-12,ST3GAL3,,,,,,,,,,,,,,,,,
3697,3,52811602,52826084,57,6.7949,5.42E-12,ITIH1,,,,,,,,,,,,,,,,,
8624,21,40449076,40555440,356,6.778,6.09E-12,PSMG1,,,,,,,,,,,,,,,,,
55152,3,49052832,49058504,12,6.7771,6.13E-12,DALRD3,,,,,,,,,,,,,,,,,
55830,3,52728500,52740099,25,6.7684,6.51E-12,GLT8D1,,,,,,,,,,,,,,,,,
729993,16,12995477,13334273,1507,6.7637,6.72E-12,SHISA9,,,,,,,,,,,,,,,,,
92017,16,12070602,12668146,3254,6.7578,7.01E-12,SNX29,,,,,,,,,,,,,,,,,
64943,3,52558385,52569093,44,6.7547,7.15E-12,NT5DC2,,,,,,,,,,,,,,,,,
284613,1,110036658,110043063,17,6.7433,7.74E-12,CYB561D1,,,,,,,,,,,,,,,,,
2870,5,176853687,176869850,30,6.7278,8.61E-12,GRK6,,,,,,,,,,,,,,,,,
1152,14,103985995,103989196,6,6.7234,8.87E-12,CKB,,,,,,,,,,,,,,,,,
26354,3,52719936,52728513,26,6.7037,1.02E-11,GNL3,,,,,,,,,,,,,,,,,
1839,5,139712428,139726188,39,6.698,1.06E-11,HBEGF,,,,,,,,,,,,,,,,,
55193,3,52579368,52719866,465,6.6917,1.10E-11,PBRM1,,,,,,,,,,,,,,,,,
5078,7,127250346,127255982,21,6.6756,1.23E-11,PAX4,,,,,,,,,,,,,,,,,
115708,14,103995509,104003410,23,6.6752,1.23E-11,TRMT61A,,,,,,,,,,,,,,,,,
54876,4,17802278,17812386,19,6.6696,1.28E-11,DCAF16,,,,,,,,,,,,,,,,,
169792,9,3824128,4300036,2374,6.6661,1.31E-11,GLIS3,,,,,,,,,,,,,,,,,
84901,16,28962318,28977786,30,6.6596,1.37E-11,NFATC2IP,,,,,,,,,,,,,,,,,
862,8,92967195,93115454,178,6.6549,1.42E-11,RUNX1T1,,,,,,,,,,,,,,,,,
56155,17,56634038,56769416,382,6.6533,1.43E-11,TEX14,,,,,,,,,,,,,,,,,
7068,3,24158644,24536772,1349,6.6454,1.51E-11,THRB,,,,,,,,,,,,,,,,,
79591,10,103605356,103815932,408,6.644,1.53E-11,C10orf76,,,,,,,,,,,,,,,,,
100132074,1,41827328,41849263,61,6.636,1.61E-11,FOXO6,,,,,,,,,,,,,,,,,
200942,3,49208987,49213919,9,6.6335,1.64E-11,KLHDC8B,,,,,,,,,,,,,,,,,
80034,2,166326157,166545917,537,6.6211,1.78E-11,CSRNP3,,,,,,,,,,,,,,,,,
553115,1,32095463,32110838,31,6.6154,1.85E-11,PEF1,,,,,,,,,,,,,,,,,
84418,5,139554653,139623374,173,6.6137,1.87E-11,CYSTM1,,,,,,,,,,,,,,,,,
646498,3,49215069,49229291,29,6.6054,1.98E-11,C3orf84,,,,,,,,,,,,,,,,,
57492,6,157098980,157531913,1181,6.5882,2.23E-11,ARID1B,,,,,,,,,,,,,,,,,
10724,10,103544200,103578930,65,6.5631,2.64E-11,MGEA5,,,,,,,,,,,,,,,,,
10274,3,136055077,136471245,907,6.5555,2.77E-11,STAG1,,,,,,,,,,,,,,,,,
53335,2,60678302,60780633,191,6.5038,3.92E-11,BCL11A,,,,,,,,,,,,,,,,,
23166,3,52529354,52558512,90,6.502,3.96E-11,STAB1,,,,,,,,,,,,,,,,,
79631,15,82422561,82555104,517,6.4958,4.13E-11,EFTUD1,,,,,,,,,,,,,,,,,
1307,1,32117848,32169768,133,6.4949,4.15E-11,COL16A1,,,,,,,,,,,,,,,,,
1627,5,176883613,176900694,36,6.4805,4.57E-11,DBN1,,,,,,,,,,,,,,,,,
55167,3,135867760,135915522,92,6.4803,4.58E-11,MSL2,,,,,,,,,,,,,,,,,
348235,17,57187308,57232800,84,6.4718,4.84E-11,SKA2,,,,,,,,,,,,,,,,,
6787,3,52744796,52804965,196,6.4709,4.87E-11,NEK4,,,,,,,,,,,,,,,,,
777,1,181452447,181775920,1000,6.4685,4.95E-11,CACNA1E,,,,,,,,,,,,,,,,,
54894,17,56431037,56494931,146,6.4569,5.34E-11,RNF43,,,,,,,,,,,,,,,,,
26011,11,78364328,79152014,2698,6.4538,5.45E-11,TENM4,,,,,,,,,,,,,,,,,
2903,16,9847265,10276611,1989,6.4517,5.53E-11,GRIN2A,,,,,,,,,,,,,,,,,
1803,2,162848751,162931052,235,6.4484,5.65E-11,DPP4,,,,,,,,,,,,,,,,,
127002,1,110026533,110035426,18,6.4465,5.72E-11,ATXN7L2,,,,,,,,,,,,,,,,,
54014,21,40556102,40685745,386,6.4411,5.93E-11,BRWD1,,,,,,,,,,,,,,,,,
6252,14,60062694,60337557,669,6.4344,6.20E-11,RTN1,,,,,,,,,,,,,,,,,
3061,1,32083290,32093214,27,6.4278,6.47E-11,HCRTR1,,,,,,,,,,,,,,,,,
284612,1,110009100,110024764,55,6.4012,7.71E-11,SYPL2,,,,,,,,,,,,,,,,,
11281,7,39017609,39504390,1634,6.3838,8.64E-11,POU6F2,,,,,,,,,,,,,,,,,
1951,3,48673896,48700348,44,6.3681,9.57E-11,CELSR3,,,,,,,,,,,,,,,,,
729830,4,152330398,152591655,627,6.361,1.00E-10,FAM160A1,,,,,,,,,,,,,,,,,
1201,16,28488600,28505897,40,6.3596,1.01E-10,CLN3,,,,,,,,,,,,,,,,,
3550,5,140027384,140042065,40,6.357,1.03E-10,IK,,,,,,,,,,,,,,,,,
22997,11,133778520,133826649,215,6.3533,1.05E-10,IGSF9B,,,,,,,,,,,,,,,,,
51447,3,48725436,48754711,64,6.3407,1.14E-10,IP6K2,,,,,,,,,,,,,,,,,
29999,7,127233689,127241851,24,6.3305,1.22E-10,FSCN3,,,,,,,,,,,,,,,,,
8911,22,39966758,40085740,304,6.3278,1.24E-10,CACNA1I,,,,,,,,,,,,,,,,,
342372,16,71963441,72033877,346,6.2997,1.49E-10,PKD1L3,,,,,,,,,,,,,,,,,
153527,5,140078265,140086248,19,6.2899,1.59E-10,ZMAT2,,,,,,,,,,,,,,,,,
55565,16,71893583,71918093,66,6.2809,1.68E-10,ZNF821,,,,,,,,,,,,,,,,,
9975,3,23986751,24022109,105,6.2567,1.97E-10,NR1D2,,,,,,,,,,,,,,,,,
10290,2,220299552,220358354,139,6.2266,2.38E-10,SPEG,,,,,,,,,,,,,,,,,
9682,1,44115797,44171189,122,6.2088,2.67E-10,KDM4A,,,,,,,,,,,,,,,,,
79154,17,34948226,34957233,16,6.1961,2.89E-10,DHRS11,,,,,,,,,,,,,,,,,
221037,10,64926983,65225880,938,6.1872,3.06E-10,JMJD1C,,,,,,,,,,,,,,,,,
57459,1,153777201,153895451,246,6.165,3.52E-10,GATAD2B,,,,,,,,,,,,,,,,,
51517,3,48700419,48723366,43,6.1591,3.66E-10,NCKIPSD,,,,,,,,,,,,,,,,,
2820,2,157291965,157442915,371,6.1508,3.86E-10,GPD2,,,,,,,,,,,,,,,,,
1002,20,59827482,60515673,3143,6.1495,3.89E-10,CDH4,,,,,,,,,,,,,,,,,
27068,4,106290234,106395227,510,6.1208,4.65E-10,PPA2,,,,,,,,,,,,,,,,,
9145,22,39745954,39781593,135,6.108,5.04E-10,SYNGR1,,,,,,,,,,,,,,,,,
5096,3,135969167,136056737,206,6.1,5.30E-10,PCCB,,,,,,,,,,,,,,,,,
80758,5,176873796,176883287,13,6.0822,5.93E-10,PRR7,,,,,,,,,,,,,,,,,
9702,11,95523625,95565857,173,6.0693,6.42E-10,CEP57,,,,,,,,,,,,,,,,,
64116,4,103172198,103266655,278,6.0545,7.04E-10,SLC39A8,,,,,,,,,,,,,,,,,
3831,14,104095525,104167888,210,6.0062,9.49E-10,KLC1,,,,,,,,,,,,,,,,,
2779,3,50229043,50235129,4,6.006,9.51E-10,GNAT1,,,,,,,,,,,,,,,,,
83985,16,28986028,28995869,30,6.0036,9.65E-10,SPNS1,,,,,,,,,,,,,,,,,
221687,6,13924677,13980240,127,5.9915,1.04E-09,RNF182,,,,,,,,,,,,,,,,,
140733,20,13976146,16033842,7258,5.9798,1.12E-09,MACROD2,,,,,,,,,,,,,,,,,
23438,5,140071011,140078903,21,5.9798,1.12E-09,HARS2,,,,,,,,,,,,,,,,,
55843,2,143886899,144525921,1632,5.9713,1.18E-09,ARHGAP15,,,,,,,,,,,,,,,,,
7324,3,23847384,23933131,250,5.97,1.19E-09,UBE2E1,,,,,,,,,,,,,,,,,
54361,1,22443798,22470474,113,5.9686,1.20E-09,WNT4,,,,,,,,,,,,,,,,,
1384,9,131857073,131873070,36,5.9568,1.29E-09,CRAT,,,,,,,,,,,,,,,,,
5727,9,98205264,98279247,224,5.9314,1.50E-09,PTCH1,,,,,,,,,,,,,,,,,
2131,8,118811602,119124058,989,5.9284,1.53E-09,EXT1,,,,,,,,,,,,,,,,,
6721,22,42229083,42303312,223,5.9274,1.54E-09,SREBF2,,,,,,,,,,,,,,,,,
79893,17,34900737,34946278,75,5.9256,1.56E-09,GGNBP2,,,,,,,,,,,,,,,,,
83637,7,44788168,44809480,46,5.9188,1.62E-09,ZMIZ2,,,,,,,,,,,,,,,,,
3899,2,100162326,100759037,1618,5.8996,1.82E-09,AFF3,,,,,,,,,,,,,,,,,
200186,1,153920148,153931132,16,5.892,1.91E-09,CRTC2,,,,,,,,,,,,,,,,,
9527,17,28804426,28853832,91,5.8896,1.94E-09,GOSR1,,,,,,,,,,,,,,,,,
11078,22,38092995,38172563,259,5.8814,2.03E-09,TRIOBP,,,,,,,,,,,,,,,,,
203062,8,143293441,143484543,812,5.8813,2.03E-09,TSNARE1,,,,,,,,,,,,,,,,,
27173,1,153931575,153940660,18,5.8812,2.04E-09,SLC39A1,,,,,,,,,,,,,,,,,
283726,15,82555152,82577271,68,5.8759,2.10E-09,SAXO2,,,,,,,,,,,,,,,,,
5524,9,131873183,131911225,154,5.8652,2.24E-09,PPP2R4,,,,,,,,,,,,,,,,,
9584,20,34291531,34330258,130,5.8638,2.26E-09,RBM39,,,,,,,,,,,,,,,,,
9401,8,145736667,145743210,29,5.8469,2.50E-09,RECQL4,,,,,,,,,,,,,,,,,
533,1,44440118,44443972,12,5.8184,2.97E-09,ATP6V0B,,,,,,,,,,,,,,,,,
168850,7,127010097,127032778,69,5.8169,3.00E-09,ZNF800,,,,,,,,,,,,,,,,,
23659,16,68279240,68294965,48,5.8103,3.12E-09,PLA2G15,,,,,,,,,,,,,,,,,
7840,2,73612886,73837047,583,5.8074,3.17E-09,ALMS1,,,,,,,,,,,,,,,,,
164684,22,42391607,42428935,112,5.8067,3.18E-09,WBP2NL,,,,,,,,,,,,,,,,,
51071,12,16064186,16190315,260,5.8009,3.30E-09,DERA,,,,,,,,,,,,,,,,,
5523,3,135684515,135866752,441,5.7915,3.49E-09,PPP2R3A,,,,,,,,,,,,,,,,,
23196,9,96214173,96328397,381,5.7913,3.49E-09,FAM120A,,,,,,,,,,,,,,,,,
5789,9,8314246,10612723,11744,5.7901,3.52E-09,PTPRD,,,,,,,,,,,,,,,,,
51230,20,34359923,34538292,538,5.7893,3.53E-09,PHF20,,,,,,,,,,,,,,,,,
4684,11,112831969,113149158,1132,5.7806,3.72E-09,NCAM1,,,,,,,,,,,,,,,,,
84334,14,104029299,104057236,66,5.7796,3.74E-09,APOPT1,,,,,,,,,,,,,,,,,
4861,19,47523077,47549033,34,5.7752,3.84E-09,NPAS1,,,,,,,,,,,,,,,,,
22986,10,106400859,107024993,2602,5.7701,3.96E-09,SORCS3,,,,,,,,,,,,,,,,,
9798,16,71928311,71964542,115,5.7693,3.98E-09,IST1,,,,,,,,,,,,,,,,,
23031,19,18208585,18262502,205,5.7684,4.00E-09,MAST3,,,,,,,,,,,,,,,,,
10198,12,123640943,123717785,266,5.767,4.03E-09,MPHOSPH9,,,,,,,,,,,,,,,,,
143684,11,95502106,95522954,76,5.7615,4.17E-09,FAM76B,,,,,,,,,,,,,,,,,
22927,9,99212414,99253618,97,5.7584,4.25E-09,HABP4,,,,,,,,,,,,,,,,,
5792,1,43991708,44089343,313,5.7498,4.47E-09,PTPRF,,,,,,,,,,,,,,,,,
347736,3,137980279,138049018,96,5.7452,4.59E-09,NME9,,,,,,,,,,,,,,,,,
10425,3,48956265,49022974,110,5.7415,4.69E-09,ARIH2,,,,,,,,,,,,,,,,,
2033,22,41488614,41576081,208,5.7359,4.85E-09,EP300,,,,,,,,,,,,,,,,,
10360,10,103541082,103543170,5,5.7316,4.97E-09,NPM3,,,,,,,,,,,,,,,,,
4857,14,26915089,27067239,318,5.7293,5.04E-09,NOVA1,,,,,,,,,,,,,,,,,
8411,12,93166285,93323107,410,5.7207,5.30E-09,EEA1,,,,,,,,,,,,,,,,,
5576,3,48784017,48885270,132,5.7157,5.46E-09,PRKAR2A,,,,,,,,,,,,,,,,,
10991,3,50242692,50258406,27,5.7136,5.53E-09,SLC38A3,,,,,,,,,,,,,,,,,
696,6,26500577,26510653,31,5.7086,5.69E-09,BTN1A1,,,,,,,,,,,,,,,,,
2893,11,105480800,105852819,962,5.7035,5.87E-09,GRIA4,,,,,,,,,,,,,,,,,
8904,20,34213953,34252878,102,5.6967,6.11E-09,CPNE1,,,,,,,,,,,,,,,,,
55512,16,68392230,68482409,211,5.677,6.85E-09,SMPD3,,,,,,,,,,,,,,,,,
6496,2,45169037,45173216,20,5.6757,6.90E-09,SIX3,,,,,,,,,,,,,,,,,
9442,9,134735497,134955274,438,5.673,7.01E-09,MED27,,,,,,,,,,,,,,,,,
79571,7,127220682,127225654,17,5.6698,7.15E-09,GCC1,,,,,,,,,,,,,,,,,
57688,5,60628100,60841999,450,5.6672,7.26E-09,ZSWIM6,,,,,,,,,,,,,,,,,
3035,5,140053490,140071681,50,5.6652,7.34E-09,HARS,,,,,,,,,,,,,,,,,
55661,20,47835832,47860614,94,5.6608,7.54E-09,DDX27,,,,,,,,,,,,,,,,,
6942,22,42556019,42664768,290,5.6555,7.77E-09,TCF20,,,,,,,,,,,,,,,,,
79823,2,44589043,44999731,1446,5.6507,7.99E-09,CAMKMT,,,,,,,,,,,,,,,,,
9699,8,104512426,105266656,2999,5.6488,8.08E-09,RIMS2,,,,,,,,,,,,,,,,,
29106,15,51973550,52013223,113,5.6425,8.38E-09,SCG3,,,,,,,,,,,,,,,,,
29942,8,30853320,30891231,70,5.6406,8.47E-09,PURG,,,,,,,,,,,,,,,,,
10128,2,44113363,44223144,354,5.6225,9.41E-09,LRPPRC,,,,,,,,,,,,,,,,,
5889,17,56769934,56811703,107,5.6066,1.03E-08,RAD51C,,,,,,,,,,,,,,,,,
54853,5,140044384,140051930,27,5.5969,1.09E-08,WDR55,,,,,,,,,,,,,,,,,
3913,3,49158547,49170599,21,5.5908,1.13E-08,LAMB2,,,,,,,,,,,,,,,,,
65010,3,48663156,48672926,28,5.5888,1.14E-08,SLC26A6,,,,,,,,,,,,,,,,,
10137,20,34236847,34252878,45,5.5855,1.17E-08,RBM12,,,,,,,,,,,,,,,,,
575,8,143545377,143626369,200,5.5798,1.20E-08,ADGRB1,,,,,,,,,,,,,,,,,
5144,5,58264865,59783925,4358,5.5791,1.21E-08,PDE4D,,,,,,,,,,,,,,,,,
9909,1,153901977,153919162,23,5.5783,1.21E-08,DENND4B,,,,,,,,,,,,,,,,,
8898,11,95566044,95657371,284,5.5746,1.24E-08,MTMR2,,,,,,,,,,,,,,,,,
23261,1,6845384,7829766,2863,5.56,1.35E-08,CAMTA1,,,,,,,,,,,,,,,,,
1362,17,28705942,28796675,130,5.5585,1.36E-08,CPD,,,,,,,,,,,,,,,,,
7486,8,30890778,31031277,384,5.5558,1.38E-08,WRN,,,,,,,,,,,,,,,,,
3760,2,155555093,155714864,564,5.5551,1.39E-08,KCNJ3,,,,,,,,,,,,,,,,,
4140,14,103851701,103970168,349,5.554,1.40E-08,MARK3,,,,,,,,,,,,,,,,,
9684,8,145743349,145750562,21,5.5531,1.40E-08,LRRC14,,,,,,,,,,,,,,,,,
253559,3,85008133,86123579,3862,5.5396,1.52E-08,CADM2,,,,,,,,,,,,,,,,,
4026,3,187871097,188608460,2127,5.5389,1.52E-08,LPP,,,,,,,,,,,,,,,,,
124535,17,56497528,56565759,142,5.5381,1.53E-08,HSF5,,,,,,,,,,,,,,,,,
9910,1,174128552,174964445,2008,5.5367,1.54E-08,RABGAP1L,,,,,,,,,,,,,,,,,
85358,22,51113070,51171640,148,5.5201,1.69E-08,SHANK3,,,,,,,,,,,,,,,,,
1499,3,41236401,41281939,74,5.5155,1.74E-08,CTNNB1,,,,,,,,,,,,,,,,,
113263,7,8008374,8128710,435,5.5106,1.79E-08,GLCCI1,,,,,,,,,,,,,,,,,
4695,5,140024948,140027370,12,5.4996,1.90E-08,NDUFA2,,,,,,,,,,,,,,,,,
2042,3,89156674,89531284,934,5.4892,2.02E-08,EPHA3,,,,,,,,,,,,,,,,,
79922,17,34958010,34965407,16,5.4872,2.04E-08,MRM1,,,,,,,,,,,,,,,,,
9326,17,34842471,34855154,23,5.4864,2.05E-08,ZNHIT3,,,,,,,,,,,,,,,,,
22807,2,213864408,214016379,492,5.482,2.10E-08,IKZF2,,,,,,,,,,,,,,,,,
2253,10,103529887,103540126,10,5.4795,2.13E-08,FGF8,,,,,,,,,,,,,,,,,
54471,22,39898197,39914139,37,5.4671,2.29E-08,MIEF1,,,,,,,,,,,,,,,,,
387103,6,126660660,126670548,17,5.4662,2.30E-08,CENPW,,,,,,,,,,,,,,,,,
55534,4,140637545,141075233,1192,5.4656,2.31E-08,MAML3,,,,,,,,,,,,,,,,,
8603,4,2627159,2734302,409,5.4562,2.43E-08,FAM193A,,,,,,,,,,,,,,,,,
57169,20,47862437,47894756,133,5.4561,2.43E-08,ZNFX1,,,,,,,,,,,,,,,,,
7473,17,44839872,44896126,121,5.4474,2.56E-08,WNT3,,,,,,,,,,,,,,,,,
6827,17,56422536,56429599,25,5.4428,2.62E-08,SUPT4H1,,,,,,,,,,,,,,,,,
91181,1,153965166,154127592,274,5.4425,2.63E-08,NUP210L,,,,,,,,,,,,,,,,,
3615,3,49061758,49066875,8,5.4423,2.63E-08,IMPDH2,,,,,,,,,,,,,,,,,
5702,11,47440320,47448024,16,5.4384,2.69E-08,PSMC3,,,,,,,,,,,,,,,,,
2849,10,125425871,125456915,102,5.4376,2.70E-08,GPR26,,,,,,,,,,,,,,,,,
23464,22,38203906,38213183,32,5.4333,2.77E-08,GCAT,,,,,,,,,,,,,,,,,
91574,12,123717844,123742651,87,5.4315,2.79E-08,C12orf65,,,,,,,,,,,,,,,,,
91584,7,131808091,132333447,2079,5.4301,2.82E-08,PLXNA4,,,,,,,,,,,,,,,,,
55156,8,66514691,66546452,130,5.4269,2.87E-08,ARMC1,,,,,,,,,,,,,,,,,
1147,10,101948123,101989367,111,5.4257,2.89E-08,CHUK,,,,,,,,,,,,,,,,,
404734,5,139781399,139929163,174,5.4104,3.14E-08,ANKHD1-EIF4EBP3,,,,,,,,,,,,,,,,,
90550,10,74451889,74647452,334,5.4062,3.22E-08,MCU,,,,,,,,,,,,,,,,,
150356,22,41605861,41636935,128,5.3808,3.71E-08,CHADL,,,,,,,,,,,,,,,,,
3150,21,40714241,40721047,28,5.3749,3.83E-08,HMGN1,,,,,,,,,,,,,,,,,
5859,3,49133365,49142562,17,5.3706,3.92E-08,QARS,,,,,,,,,,,,,,,,,
4916,15,88419948,88800026,1076,5.3678,3.98E-08,NTRK3,,,,,,,,,,,,,,,,,
54882,5,139781399,139919441,155,5.358,4.21E-08,ANKHD1,,,,,,,,,,,,,,,,,
6733,7,104754048,105039614,730,5.3579,4.21E-08,SRPK2,,,,,,,,,,,,,,,,,
5800,12,15475191,15751265,860,5.3377,4.71E-08,PTPRO,,,,,,,,,,,,,,,,,
6886,1,47681962,47697938,47,5.3347,4.79E-08,TAL1,,,,,,,,,,,,,,,,,
10580,10,97071530,97321171,1068,5.3338,4.81E-08,SORBS1,,,,,,,,,,,,,,,,,
2913,7,86273230,86494193,547,5.3327,4.84E-08,GRM3,,,,,,,,,,,,,,,,,
64167,5,96211644,96255420,222,5.3314,4.87E-08,ERAP2,,,,,,,,,,,,,,,,,
64839,5,107194734,107718080,1436,5.3242,5.07E-08,FBXL17,,,,,,,,,,,,,,,,,
1993,9,23690097,23826342,550,5.3141,5.36E-08,ELAVL2,,,,,,,,,,,,,,,,,
83746,22,41601312,41627276,112,5.3133,5.38E-08,L3MBTL2,,,,,,,,,,,,,,,,,
56135,5,140306302,140391929,262,5.3121,5.42E-08,PCDHAC1,,,,,,,,,,,,,,,,,
11011,17,60554447,60692842,206,5.3095,5.50E-08,TLK2,,,,,,,,,,,,,,,,,
9044,10,93683526,93790755,242,5.3094,5.50E-08,BTAF1,,,,,,,,,,,,,,,,,
54708,10,94050920,94113721,127,5.3089,5.51E-08,MARCH5,,,,,,,,,,,,,,,,,
373863,5,140050381,140053171,6,5.3036,5.68E-08,DND1,,,,,,,,,,,,,,,,,
9229,18,3496030,4455310,3128,5.3033,5.69E-08,DLGAP1,,,,,,,,,,,,,,,,,
201176,17,43471268,43510282,114,5.3,5.79E-08,ARHGAP27,,,,,,,,,,,,,,,,,
6683,2,32288660,32382706,315,5.2971,5.88E-08,SPAST,,,,,,,,,,,,,,,,,
10367,10,74127084,74385949,619,5.2924,6.03E-08,MICU1,,,,,,,,,,,,,,,,,
9486,2,101008322,101034130,134,5.2921,6.05E-08,CHST10,,,,,,,,,,,,,,,,,
5296,19,18263988,18281343,40,5.2919,6.05E-08,PIK3R2,,,,,,,,,,,,,,,,,
100526772,3,52867131,52931597,216,5.2881,6.18E-08,TMEM110-MUSTN1,,,,,,,,,,,,,,,,,
8997,3,123813558,124440036,2428,5.281,6.42E-08,KALRN,,,,,,,,,,,,,,,,,
440957,3,52570002,52574586,15,5.2778,6.54E-08,SMIM4,,,,,,,,,,,,,,,,,
79750,3,21459911,22414132,4915,5.2763,6.59E-08,ZNF385D,,,,,,,,,,,,,,,,,
116154,20,58152564,58422766,989,5.2752,6.63E-08,PHACTR3,,,,,,,,,,,,,,,,,
1946,5,106712590,107006596,863,5.275,6.64E-08,EFNA5,,,,,,,,,,,,,,,,,
51460,3,52933221,53080089,384,5.2692,6.85E-08,SFMBT1,,,,,,,,,,,,,,,,,
10642,17,47074774,47133507,107,5.2559,7.37E-08,IGF2BP1,,,,,,,,,,,,,,,,,
4775,16,68118654,68263162,332,5.2407,8.00E-08,NFATC3,,,,,,,,,,,,,,,,,
22880,22,31322598,31364483,89,5.2297,8.49E-08,MORC2,,,,,,,,,,,,,,,,,
221035,10,65281113,65384883,312,5.226,8.66E-08,REEP3,,,,,,,,,,,,,,,,,
55280,10,101992055,102027437,107,5.2226,8.82E-08,CWF19L1,,,,,,,,,,,,,,,,,
4607,11,47352957,47374253,56,5.2205,8.92E-08,MYBPC3,,,,,,,,,,,,,,,,,
23312,15,51739921,51915030,472,5.2179,9.05E-08,DMXL2,,,,,,,,,,,,,,,,,
11120,6,26458132,26476849,96,5.2157,9.16E-08,BTN2A1,,,,,,,,,,,,,,,,,
55345,4,113460489,113558151,221,5.2073,9.58E-08,ZGRF1,,,,,,,,,,,,,,,,,
56147,5,140165876,140391929,671,5.2043,9.74E-08,PCDHA1,,,,,,,,,,,,,,,,,
55964,22,42372855,42394225,82,5.1981,1.01E-07,SEPT3,,,,,,,,,,,,,,,,,
54901,6,20534688,21232635,2593,5.196,1.02E-07,CDKAL1,,,,,,,,,,,,,,,,,
55614,20,16252742,16554079,1346,5.19,1.05E-07,KIF16B,,,,,,,,,,,,,,,,,
9054,20,34256610,34287287,92,5.1884,1.06E-07,NFS1,,,,,,,,,,,,,,,,,
7593,19,59073284,59085757,33,5.1879,1.06E-07,MZF1,,,,,,,,,,,,,,,,,
440107,12,93115122,93166231,134,5.1866,1.07E-07,PLEKHG7,,,,,,,,,,,,,,,,,
51102,1,29519385,29557460,114,5.1865,1.07E-07,MECR,,,,,,,,,,,,,,,,,
10743,17,17584787,17714767,248,5.1862,1.07E-07,RAI1,,,,,,,,,,,,,,,,,
1294,3,48601506,48632593,52,5.1775,1.12E-07,COL7A1,,,,,,,,,,,,,,,,,
79155,4,2743387,2758103,74,5.152,1.29E-07,TNIP2,,,,,,,,,,,,,,,,,
375346,3,52870772,52931597,197,5.15,1.30E-07,TMEM110,,,,,,,,,,,,,,,,,
51574,4,113558120,113578748,57,5.1467,1.33E-07,LARP7,,,,,,,,,,,,,,,,,
9277,6,33246682,33257304,39,5.1455,1.33E-07,WDR46,,,,,,,,,,,,,,,,,
91862,16,71660056,71675868,39,5.1455,1.33E-07,MARVELD3,,,,,,,,,,,,,,,,,
10260,15,65952954,66084631,324,5.1423,1.36E-07,DENND4A,,,,,,,,,,,,,,,,,
79791,16,87362942,87425708,250,5.1365,1.40E-07,FBXO31,,,,,,,,,,,,,,,,,
79879,22,42196636,42228175,95,5.1357,1.41E-07,CCDC134,,,,,,,,,,,,,,,,,
2065,12,56473809,56497291,42,5.1343,1.42E-07,ERBB3,,,,,,,,,,,,,,,,,
710,11,57365027,57382326,47,5.1292,1.45E-07,SERPING1,,,,,,,,,,,,,,,,,
5253,9,96338909,96441869,498,5.1233,1.50E-07,PHF2,,,,,,,,,,,,,,,,,
23236,20,8112912,8865547,2637,5.1232,1.50E-07,PLCB1,,,,,,,,,,,,,,,,,
83894,4,147628179,147867034,770,5.1175,1.55E-07,TTC29,,,,,,,,,,,,,,,,,
375449,5,65892176,66465426,1829,5.1133,1.58E-07,MAST4,,,,,,,,,,,,,,,,,
389792,9,131937831,131940540,4,5.1089,1.62E-07,IER5L,,,,,,,,,,,,,,,,,
7517,14,104163945,104181823,42,5.1054,1.65E-07,XRCC3,,,,,,,,,,,,,,,,,
148327,1,153940315,153946840,15,5.105,1.65E-07,CREB3L4,,,,,,,,,,,,,,,,,
29945,4,25378848,25420120,186,5.1037,1.67E-07,ANAPC4,,,,,,,,,,,,,,,,,
54920,16,68056847,68113226,127,5.0986,1.71E-07,DUS2,,,,,,,,,,,,,,,,,
84888,15,50999730,51057910,227,5.0981,1.72E-07,SPPL2A,,,,,,,,,,,,,,,,,
11180,3,49044637,49053386,13,5.0915,1.78E-07,WDR6,,,,,,,,,,,,,,,,,
10669,2,27322159,27341995,43,5.0895,1.79E-07,CGREF1,,,,,,,,,,,,,,,,,
5733,1,71318036,71513497,651,5.0867,1.82E-07,PTGER3,,,,,,,,,,,,,,,,,
9110,17,56566893,56595271,71,5.0794,1.89E-07,MTMR4,,,,,,,,,,,,,,,,,
4784,19,13106584,13209610,215,5.0757,1.93E-07,NFIX,,,,,,,,,,,,,,,,,
282991,10,102033035,102046469,24,5.0724,1.96E-07,BLOC1S2,,,,,,,,,,,,,,,,,
1496,2,79740060,80875993,4131,5.0674,2.02E-07,CTNNA2,,,,,,,,,,,,,,,,,
6688,11,47376409,47400127,91,5.0604,2.09E-07,SPI1,,,,,,,,,,,,,,,,,
58484,2,32449518,32490812,123,5.057,2.13E-07,NLRC4,,,,,,,,,,,,,,,,,
9842,17,43513266,43568146,106,5.0504,2.20E-07,PLEKHM1,,,,,,,,,,,,,,,,,
339829,3,180331360,180397300,137,5.0403,2.32E-07,CCDC39,,,,,,,,,,,,,,,,,
140894,20,34556529,34618622,119,5.0318,2.43E-07,CNBD2,,,,,,,,,,,,,,,,,
56146,5,140174444,140391929,646,5.0292,2.46E-07,PCDHA2,,,,,,,,,,,,,,,,,
4947,15,64979773,64995462,40,5.028,2.48E-07,OAZ2,,,,,,,,,,,,,,,,,
23081,9,6720863,7175648,2292,5.0274,2.49E-07,KDM4C,,,,,,,,,,,,,,,,,
27072,7,38763543,38948800,726,5.0203,2.58E-07,VPS41,,,,,,,,,,,,,,,,,
813,7,128379346,128413477,103,5.0153,2.65E-07,CALU,,,,,,,,,,,,,,,,,
1394,17,43697710,43913194,1064,5.0142,2.66E-07,CRHR1,,,,,,,,,,,,,,,,,
4850,7,135046547,135194875,327,5.0047,2.80E-07,CNOT4,,,,,,,,,,,,,,,,,
7360,2,64068084,64118696,151,5.0028,2.83E-07,UGP2,,,,,,,,,,,,,,,,,
64067,14,33404115,34273382,2956,5.0016,2.84E-07,NPAS3,,,,,,,,,,,,,,,,,
57624,2,226264426,226518734,563,4.9987,2.89E-07,NYAP2,,,,,,,,,,,,,,,,,
11118,6,26365387,26378548,111,4.994,2.96E-07,BTN3A2,,,,,,,,,,,,,,,,,
1794,5,169064251,169510386,1699,4.9939,2.96E-07,DOCK2,,,,,,,,,,,,,,,,,
5334,2,198669426,199014608,732,4.9912,3.00E-07,PLCL1,,,,,,,,,,,,,,,,,
8555,9,99252807,99382112,265,4.9904,3.01E-07,CDC14B,,,,,,,,,,,,,,,,,
55789,5,59892739,59995993,219,4.9853,3.09E-07,DEPDC1B,,,,,,,,,,,,,,,,,
60509,2,27274291,27293490,32,4.9848,3.10E-07,AGBL5,,,,,,,,,,,,,,,,,
55705,1,201798288,201853422,174,4.9848,3.10E-07,IPO9,,,,,,,,,,,,,,,,,
83943,7,110303106,111202588,2148,4.9847,3.10E-07,IMMP2L,,,,,,,,,,,,,,,,,
23334,1,43855556,43919918,133,4.9812,3.16E-07,SZT2,,,,,,,,,,,,,,,,,
10322,2,73441366,73454355,36,4.9649,3.44E-07,SMYD5,,,,,,,,,,,,,,,,,
154215,6,124124991,125146786,3096,4.963,3.47E-07,NKAIN2,,,,,,,,,,,,,,,,,
285668,5,60933636,61002362,220,4.9622,3.48E-07,C5orf64,,,,,,,,,,,,,,,,,
83697,5,139739787,139754722,23,4.9602,3.52E-07,SLC4A9,,,,,,,,,,,,,,,,,
10011,5,139929652,139937678,13,4.96,3.53E-07,SRA1,,,,,,,,,,,,,,,,,
2035,1,29213603,29446558,553,4.9594,3.53E-07,EPB41,,,,,,,,,,,,,,,,,
6720,17,17714663,17740331,54,4.9548,3.62E-07,SREBF1,,,,,,,,,,,,,,,,,
441381,8,145747761,145752416,12,4.9524,3.66E-07,LRRC24,,,,,,,,,,,,,,,,,
140688,20,31030862,31172875,296,4.9514,3.68E-07,NOL4L,,,,,,,,,,,,,,,,,
79004,10,104183002,104192423,14,4.9501,3.71E-07,CUEDC2,,,,,,,,,,,,,,,,,
342371,16,71879894,71891236,24,4.947,3.77E-07,ATXN1L,,,,,,,,,,,,,,,,,
81697,6,27878963,27880174,4,4.9466,3.78E-07,OR2B2,,,,,,,,,,,,,,,,,
162540,17,43922256,43924438,21,4.9433,3.84E-07,SPPL2C,,,,,,,,,,,,,,,,,
56145,5,140180783,140391929,631,4.9403,3.90E-07,PCDHA3,,,,,,,,,,,,,,,,,
5587,14,30045685,30396899,1170,4.9381,3.94E-07,PRKD1,,,,,,,,,,,,,,,,,
5937,2,161128662,161350366,624,4.9345,4.02E-07,RBMS1,,,,,,,,,,,,,,,,,
5627,3,93591881,93692934,161,4.9331,4.05E-07,PROS1,,,,,,,,,,,,,,,,,
6307,4,166248818,166264316,89,4.9261,4.19E-07,MSMO1,,,,,,,,,,,,,,,,,
54520,2,118673054,118771739,360,4.9248,4.22E-07,CCDC93,,,,,,,,,,,,,,,,,
140823,20,34287232,34288902,5,4.9223,4.28E-07,ROMO1,,,,,,,,,,,,,,,,,
1806,1,97543299,98386615,2538,4.9088,4.58E-07,DPYD,,,,,,,,,,,,,,,,,
55697,16,70721342,70835074,452,4.9062,4.64E-07,VAC14,,,,,,,,,,,,,,,,,
389125,3,52867131,52869235,12,4.9058,4.65E-07,MUSTN1,,,,,,,,,,,,,,,,,
4905,17,44668035,44834830,84,4.902,4.74E-07,NSF,,,,,,,,,,,,,,,,,
374786,17,28256874,28435470,355,4.8963,4.88E-07,EFCAB5,,,,,,,,,,,,,,,,,
55374,5,140019012,140024989,20,4.8828,5.23E-07,TMCO6,,,,,,,,,,,,,,,,,
4791,10,104153867,104162286,19,4.8797,5.31E-07,NFKB2,,,,,,,,,,,,,,,,,
26054,6,76311596,76427997,387,4.8734,5.49E-07,SENP6,,,,,,,,,,,,,,,,,
2044,4,66185281,66536529,1412,4.8695,5.59E-07,EPHA5,,,,,,,,,,,,,,,,,
9884,17,44316744,44415160,41,4.8677,5.65E-07,LRRC37A,,,,,,,,,,,,,,,,,
10473,6,26538572,26547165,21,4.863,5.78E-07,HMGN4,,,,,,,,,,,,,,,,,
284083,17,56618948,56621733,6,4.8619,5.81E-07,C17orf47,,,,,,,,,,,,,,,,,
10466,7,106842189,107204959,983,4.8613,5.83E-07,COG5,,,,,,,,,,,,,,,,,
10458,17,79008944,79091232,442,4.8594,5.89E-07,BAIAP2,,,,,,,,,,,,,,,,,
63899,3,93781855,93845630,103,4.855,6.02E-07,NSUN3,,,,,,,,,,,,,,,,,
57162,2,64319786,64371605,143,4.8548,6.02E-07,PELI1,,,,,,,,,,,,,,,,,
4012,5,96271346,96365115,299,4.8525,6.10E-07,LNPEP,,,,,,,,,,,,,,,,,
25802,1,201865584,201915716,150,4.8517,6.12E-07,LMOD1,,,,,,,,,,,,,,,,,
51542,2,64119280,64246526,497,4.848,6.24E-07,VPS54,,,,,,,,,,,,,,,,,
29982,10,64893007,64914786,65,4.8449,6.33E-07,NRBF2,,,,,,,,,,,,,,,,,
287,4,113739239,114304896,1844,4.8441,6.36E-07,ANK2,,,,,,,,,,,,,,,,,
23769,11,63803442,63886655,254,4.8409,6.46E-07,FLRT1,,,,,,,,,,,,,,,,,
5094,12,53845886,53874946,43,4.8407,6.47E-07,PCBP2,,,,,,,,,,,,,,,,,
2567,15,27216429,27778373,1577,4.8392,6.52E-07,GABRG3,,,,,,,,,,,,,,,,,
91252,11,47428683,47438051,27,4.8388,6.53E-07,SLC39A13,,,,,,,,,,,,,,,,,
240,10,45869624,45941569,268,4.8342,6.68E-07,ALOX5,,,,,,,,,,,,,,,,,
28972,3,52739792,52742198,6,4.8283,6.88E-07,SPCS1,,,,,,,,,,,,,,,,,
23060,15,64791619,64978267,539,4.8018,7.86E-07,ZNF609,,,,,,,,,,,,,,,,,
23301,2,62900986,63273622,627,4.7965,8.07E-07,EHBP1,,,,,,,,,,,,,,,,,
79676,12,123459354,123464588,16,4.7956,8.11E-07,OGFOD2,,,,,,,,,,,,,,,,,
9902,17,60704762,60770962,125,4.7941,8.17E-07,MRC2,,,,,,,,,,,,,,,,,
256536,10,132890655,133109984,1314,4.793,8.21E-07,TCERG1L,,,,,,,,,,,,,,,,,
27133,14,63173291,63511956,1159,4.7853,8.54E-07,KCNH5,,,,,,,,,,,,,,,,,
55626,11,46417962,46615619,335,4.7837,8.61E-07,AMBRA1,,,,,,,,,,,,,,,,,
164,16,71762903,71843006,231,4.7815,8.70E-07,AP1G1,,,,,,,,,,,,,,,,,
388569,19,58962971,58969199,12,4.7799,8.77E-07,ZNF324B,,,,,,,,,,,,,,,,,
84062,6,15523032,15663289,441,4.7774,8.88E-07,DTNBP1,,,,,,,,,,,,,,,,,
27153,7,149128454,149158053,65,4.7745,9.01E-07,ZNF777,,,,,,,,,,,,,,,,,
1363,4,166300097,166419482,571,4.7694,9.24E-07,CPE,,,,,,,,,,,,,,,,,
2147,11,46740743,46761056,71,4.769,9.26E-07,F2,,,,,,,,,,,,,,,,,
56899,12,99128569,100378512,3428,4.7682,9.29E-07,ANKS1B,,,,,,,,,,,,,,,,,
8525,11,46354455,46402104,96,4.7647,9.46E-07,DGKZ,,,,,,,,,,,,,,,,,
9254,3,50400230,50540892,333,4.7616,9.60E-07,CACNA2D2,,,,,,,,,,,,,,,,,
116443,9,104331634,104500862,681,4.761,9.63E-07,GRIN3A,,,,,,,,,,,,,,,,,
221143,13,21302036,21348095,204,4.7597,9.69E-07,N6AMT2,,,,,,,,,,,,,,,,,
9479,11,45907047,45928016,51,4.7592,9.72E-07,MAPK8IP1,,,,,,,,,,,,,,,,,
4137,17,43971702,44105700,732,4.7589,9.73E-07,MAPT,,,,,,,,,,,,,,,,,
659,2,203241033,203432474,436,4.7559,9.88E-07,BMPR2,,,,,,,,,,,,,,,,,
9529,14,104022881,104029151,12,4.7538,9.98E-07,BAG5,,,,,,,,,,,,,,,,,
10869,3,49145479,49158371,23,4.7518,1.01E-06,USP19,,,,,,,,,,,,,,,,,
10052,17,42875816,42908179,73,4.7472,1.03E-06,GJC1,,,,,,,,,,,,,,,,,
1857,3,183873099,183891314,35,4.7403,1.07E-06,DVL3,,,,,,,,,,,,,,,,,
6892,6,33267471,33282164,58,4.7391,1.07E-06,TAPBP,,,,,,,,,,,,,,,,,
9048,1,44398992,44402912,11,4.7322,1.11E-06,ARTN,,,,,,,,,,,,,,,,,
6547,14,70510934,70655787,664,4.7318,1.11E-06,SLC8A3,,,,,,,,,,,,,,,,,
84081,17,28443821,28513493,156,4.7276,1.14E-06,NSRP1,,,,,,,,,,,,,,,,,
390271,11,124266306,124267247,4,4.7217,1.17E-06,OR8B3,,,,,,,,,,,,,,,,,
284058,17,44107282,44302740,759,4.7181,1.19E-06,KANSL1,,,,,,,,,,,,,,,,,
2104,1,216676588,217311097,2256,4.717,1.20E-06,ESRRG,,,,,,,,,,,,,,,,,
9776,11,46638826,46697569,101,4.7162,1.20E-06,ATG13,,,,,,,,,,,,,,,,,
53353,2,140988996,142889270,8523,4.7116,1.23E-06,LRP1B,,,,,,,,,,,,,,,,,
6429,1,29474250,29508637,84,4.7067,1.26E-06,SRSF4,,,,,,,,,,,,,,,,,
9325,15,64680003,64747502,166,4.7028,1.28E-06,TRIP4,,,,,,,,,,,,,,,,,
1005,18,63417488,63548175,486,4.6995,1.30E-06,CDH7,,,,,,,,,,,,,,,,,
121268,12,49458467,49463808,8,4.6993,1.31E-06,RHEBL1,,,,,,,,,,,,,,,,,
100506084,17,44351550,44439416,19,4.6979,1.31E-06,ARL17B,,,,,,,,,,,,,,,,,
8120,15,83328033,83378660,149,4.6915,1.36E-06,AP3B2,,,,,,,,,,,,,,,,,
51603,1,171750761,171766856,60,4.6905,1.36E-06,METTL13,,,,,,,,,,,,,,,,,
56144,5,140186672,140391929,605,4.6874,1.38E-06,PCDHA4,,,,,,,,,,,,,,,,,
9670,1,44412478,44433694,37,4.6873,1.38E-06,IPO13,,,,,,,,,,,,,,,,,
3795,2,27309611,27323619,22,4.6864,1.39E-06,KHK,,,,,,,,,,,,,,,,,
26492,11,124095398,124096312,10,4.6784,1.45E-06,OR8G2,,,,,,,,,,,,,,,,,
6095,15,60780483,61521502,2287,4.6734,1.48E-06,RORA,,,,,,,,,,,,,,,,,
9278,6,33282182,33285719,7,4.6706,1.50E-06,ZBTB22,,,,,,,,,,,,,,,,,
120071,11,45943172,45950647,20,4.6615,1.57E-06,GYLTL1B,,,,,,,,,,,,,,,,,
27243,19,59062933,59066495,7,4.6603,1.58E-06,CHMP2A,,,,,,,,,,,,,,,,,
140885,20,1874763,1920540,138,4.654,1.63E-06,SIRPA,,,,,,,,,,,,,,,,,
1379,1,207818458,207897036,371,4.6536,1.63E-06,CR1L,,,,,,,,,,,,,,,,,
5799,7,157331750,158380482,4347,4.6519,1.64E-06,PTPRN2,,,,,,,,,,,,,,,,,
57605,12,123468027,123635376,399,4.6513,1.65E-06,PITPNM2,,,,,,,,,,,,,,,,,
64788,16,903634,1031318,714,4.647,1.68E-06,LMF1,,,,,,,,,,,,,,,,,
100113407,6,11538460,11583757,154,4.6433,1.71E-06,TMEM170B,,,,,,,,,,,,,,,,,
55515,2,220378892,220403494,76,4.6413,1.73E-06,ASIC4,,,,,,,,,,,,,,,,,
6671,7,21467689,21554440,357,4.6403,1.74E-06,SP4,,,,,,,,,,,,,,,,,
9409,11,45931220,45939674,22,4.6358,1.78E-06,PEX16,,,,,,,,,,,,,,,,,
115560,3,44771098,44778575,20,4.6357,1.78E-06,ZNF501,,,,,,,,,,,,,,,,,
4124,5,109025156,109203429,703,4.6356,1.78E-06,MAN2A1,,,,,,,,,,,,,,,,,
23198,2,54091204,54197977,356,4.6325,1.81E-06,PSME4,,,,,,,,,,,,,,,,,
5064,19,708953,748330,204,4.6317,1.81E-06,PALM,,,,,,,,,,,,,,,,,
56995,6,158653268,158932860,1193,4.6269,1.86E-06,TULP4,,,,,,,,,,,,,,,,,
51022,1,193065595,193075659,28,4.6245,1.88E-06,GLRX2,,,,,,,,,,,,,,,,,
2319,17,27206356,27224715,31,4.6205,1.91E-06,FLOT2,,,,,,,,,,,,,,,,,
54496,16,68344877,68391169,166,4.6202,1.92E-06,PRMT7,,,,,,,,,,,,,,,,,
5210,3,48555117,48598607,78,4.6136,1.98E-06,PFKFB4,,,,,,,,,,,,,,,,,
8446,2,73989325,74007284,29,4.6136,1.98E-06,DUSP11,,,,,,,,,,,,,,,,,
64129,1,32042086,32053290,14,4.6129,1.99E-06,TINAGL1,,,,,,,,,,,,,,,,,
246744,17,44076616,44077060,1,4.6118,2.00E-06,STH,,,,,,,,,,,,,,,,,
83594,5,102884556,102898493,42,4.6104,2.01E-06,NUDT12,,,,,,,,,,,,,,,,,
788,3,48894356,48936426,53,4.6091,2.02E-06,SLC25A20,,,,,,,,,,,,,,,,,
51471,2,73927636,73928467,6,4.6072,2.04E-06,NAT8B,,,,,,,,,,,,,,,,,
8341,6,27805544,27821533,46,4.5975,2.14E-06,HIST1H2BN,,,,,,,,,,,,,,,,,
5905,22,41640781,41682255,94,4.5908,2.21E-06,RANGAP1,,,,,,,,,,,,,,,,,
339862,3,18004064,18310414,835,4.5876,2.24E-06,LOC339862,,,,,,,,,,,,,,,,,
11074,6,30070674,30080867,115,4.5849,2.27E-06,TRIM31,,,,,,,,,,,,,,,,,
84138,16,68318043,68344868,69,4.584,2.28E-06,SLC7A6OS,,,,,,,,,,,,,,,,,
26595,11,124252298,124276648,66,4.5813,2.31E-06,OR8B2,,,,,,,,,,,,,,,,,
152940,4,159814684,159956333,576,4.5811,2.31E-06,C4orf45,,,,,,,,,,,,,,,,,
746,11,61556602,61560085,8,4.5727,2.41E-06,TMEM258,,,,,,,,,,,,,,,,,
6532,17,28521337,28562986,95,4.5679,2.46E-06,SLC6A4,,,,,,,,,,,,,,,,,
51703,10,114133916,114188138,137,4.5599,2.56E-06,ACSL5,,,,,,,,,,,,,,,,,
10499,8,71021997,71316062,679,4.5579,2.58E-06,NCOA2,,,,,,,,,,,,,,,,,
22808,3,138066490,138124377,179,4.5544,2.63E-06,MRAS,,,,,,,,,,,,,,,,,
23113,6,43149913,43192325,105,4.5518,2.66E-06,CUL9,,,,,,,,,,,,,,,,,
84629,7,5346421,5463177,411,4.5508,2.67E-06,TNRC18,,,,,,,,,,,,,,,,,
8099,12,123745517,123756863,33,4.5508,2.67E-06,CDK2AP1,,,,,,,,,,,,,,,,,
6738,1,193028552,193060907,72,4.5458,2.74E-06,TROVE2,,,,,,,,,,,,,,,,,
,,,,,,,,,,,,,,,,,,,,,,,,
,,,,,,,,,,,,,,,,,,,,,,,,
,,,,,,,,,,,,,,,,,,,,,,,,
,,,,,,,,,,,,,,,,,,,,,,,,
,,,,,,,,,,,,,,,,,,,,,,,,
,,,,,,,,,,,,,,,,,,,,,,,,
,,,,,,,,,,,,,,,,,,,,,,,,
,,,,,,,,,,,,,,,,,,,,,,,,
,,,,,,,,,,,,,,,,,,,,,,,,
,,,,,,,,,,,,,,,,,,,,,,,,
,,,,,,,,,,,,,,,,,,,,,,,,
,,,,,,,,,,,,,,,,,,,,,,,,
,,,,,,,,,,,,,,,,,,,,,,,,
,,,,,,,,,,,,,,,,,,,,,,,,
,,,,,,,,,,,,,,,,,,,,,,,,
,,,,,,,,,,,,,,,,,,,,,,,,
,,,,,,,,,,,,,,,,,,,,,,,,
,,,,,,,,,,,,,,,,,,,,,,,,
,,,,,,,,,,,,,,,,,,,,,,,,
,,,,,,,,,,,,,,,,,,,,,,,,
,,,,,,,,,,,,,,,,,,,,,,,,
,,,,,,,,,,,,,,,,,,,,,,,,
,,,,,,,,,,,,,,,,,,,,,,,,
,,,,,,,,,,,,,,,,,,,,,,,,
,,,,,,,,,,,,,,,,,,,,,,,,
,,,,,,,,,,,,,,,,,,,,,,,,
,,,,,,,,,,,,,,,,,,,,,,,,
,,,,,,,,,,,,,,,,,,,,,,,,
,,,,,,,,,,,,,,,,,,,,,,,,
,,,,,,,,,,,,,,,,,,,,,,,,
,,,,,,,,,,,,,,,,,,,,,,,,
,,,,,,,,,,,,,,,,,,,,,,,,
,,,,,,,,,,,,,,,,,,,,,,,,
,,,,,,,,,,,,,,,,,,,,,,,,
,,,,,,,,,,,,,,,,,,,,,,,,
,,,,,,,,,,,,,,,,,,,,,,,,
,,,,,,,,,,,,,,,,,,,,,,,,
,,,,,,,,,,,,,,,,,,,,,,,,
,,,,,,,,,,,,,,,,,,,,,,,,
,,,,,,,,,,,,,,,,,,,,,,,,
,,,,,,,,,,,,,,,,,,,,,,,,
,,,,,,,,,,,,,,,,,,,,,,,,
,,,,,,,,,,,,,,,,,,,,,,,,
,,,,,,,,,,,,,,,,,,,,,,,,
,,,,,,,,,,,,,,,,,,,,,,,,
,,,,,,,,,,,,,,,,,,,,,,,,
,,,,,,,,,,,,,,,,,,,,,,,,
,,,,,,,,,,,,,,,,,,,,,,,,
,,,,,,,,,,,,,,,,,,,,,,,,
,,,,,,,,,,,,,,,,,,,,,,,,
,,,,,,,,,,,,,,,,,,,,,,,,
,,,,,,,,,,,,,,,,,,,,,,,,
,,,,,,,,,,,,,,,,,,,,,,,,
,,,,,,,,,,,,,,,,,,,,,,,,
,,,,,,,,,,,,,,,,,,,,,,,,
,,,,,,,,,,,,,,,,,,,,,,,,
,,,,,,,,,,,,,,,,,,,,,,,,
,,,,,,,,,,,,,,,,,,,,,,,,
,,,,,,,,,,,,,,,,,,,,,,,,
,,,,,,,,,,,,,,,,,,,,,,,,
,,,,,,,,,,,,,,,,,,,,,,,,
,,,,,,,,,,,,,,,,,,,,,,,,
,,,,,,,,,,,,,,,,,,,,,,,,
,,,,,,,,,,,,,,,,,,,,,,,,
,,,,,,,,,,,,,,,,,,,,,,,,
,,,,,,,,,,,,,,,,,,,,,,,,
,,,,,,,,,,,,,,,,,,,,,,,,
,,,,,,,,,,,,,,,,,,,,,,,,
,,,,,,,,,,,,,,,,,,,,,,,,
,,,,,,,,,,,,,,,,,,,,,,,,
,,,,,,,,,,,,,,,,,,,,,,,,
,,,,,,,,,,,,,,,,,,,,,,,,
,,,,,,,,,,,,,,,,,,,,,,,,
,,,,,,,,,,,,,,,,,,,,,,,,
,,,,,,,,,,,,,,,,,,,,,,,,
,,,,,,,,,,,,,,,,,,,,,,,,
,,,,,,,,,,,,,,,,,,,,,,,,
,,,,,,,,,,,,,,,,,,,,,,,,
,,,,,,,,,,,,,,,,,,,,,,,,
,,,,,,,,,,,,,,,,,,,,,,,,
,,,,,,,,,,,,,,,,,,,,,,,,
,,,,,,,,,,,,,,,,,,,,,,,,
,,,,,,,,,,,,,,,,,,,,,,,,
,,,,,,,,,,,,,,,,,,,,,,,,
,,,,,,,,,,,,,,,,,,,,,,,,
,,,,,,,,,,,,,,,,,,,,,,,,
,,,,,,,,,,,,,,,,,,,,,,,,
,,,,,,,,,,,,,,,,,,,,,,,,
,,,,,,,,,,,,,,,,,,,,,,,,
,,,,,,,,,,,,,,,,,,,,,,,,
,,,,,,,,,,,,,,,,,,,,,,,,
,,,,,,,,,,,,,,,,,,,,,,,,
,,,,,,,,,,,,,,,,,,,,,,,,
,,,,,,,,,,,,,,,,,,,,,,,,
,,,,,,,,,,,,,,,,,,,,,,,,
,,,,,,,,,,,,,,,,,,,,,,,,
,,,,,,,,,,,,,,,,,,,,,,,,
,,,,,,,,,,,,,,,,,,,,,,,,
,,,,,,,,,,,,,,,,,,,,,,,,
,,,,,,,,,,,,,,,,,,,,,,,,
,,,,,,,,,,,,,,,,,,,,,,,,
,,,,,,,,,,,,,,,,,,,,,,,,
,,,,,,,,,,,,,,,,,,,,,,,,
,,,,,,,,,,,,,,,,,,,,,,,,
,,,,,,,,,,,,,,,,,,,,,,,,
,,,,,,,,,,,,,,,,,,,,,,,,
,,,,,,,,,,,,,,,,,,,,,,,,
,,,,,,,,,,,,,,,,,,,,,,,,
,,,,,,,,,,,,,,,,,,,,,,,,
,,,,,,,,,,,,,,,,,,,,,,,,
,,,,,,,,,,,,,,,,,,,,,,,,
,,,,,,,,,,,,,,,,,,,,,,,,
,,,,,,,,,,,,,,,,,,,,,,,,
,,,,,,,,,,,,,,,,,,,,,,,,
,,,,,,,,,,,,,,,,,,,,,,,,
,,,,,,,,,,,,,,,,,,,,,,,,
,,,,,,,,,,,,,,,,,,,,,,,,
,,,,,,,,,,,,,,,,,,,,,,,,
,,,,,,,,,,,,,,,,,,,,,,,,
,,,,,,,,,,,,,,,,,,,,,,,,
,,,,,,,,,,,,,,,,,,,,,,,,
,,,,,,,,,,,,,,,,,,,,,,,,
,,,,,,,,,,,,,,,,,,,,,,,,
,,,,,,,,,,,,,,,,,,,,,,,,
,,,,,,,,,,,,,,,,,,,,,,,,
,,,,,,,,,,,,,,,,,,,,,,,,
,,,,,,,,,,,,,,,,,,,,,,,,
,,,,,,,,,,,,,,,,,,,,,,,,
,,,,,,,,,,,,,,,,,,,,,,,,
,,,,,,,,,,,,,,,,,,,,,,,,
,,,,,,,,,,,,,,,,,,,,,,,,
,,,,,,,,,,,,,,,,,,,,,,,,
,,,,,,,,,,,,,,,,,,,,,,,,
,,,,,,,,,,,,,,,,,,,,,,,,
,,,,,,,,,,,,,,,,,,,,,,,,
,,,,,,,,,,,,,,,,,,,,,,,,
,,,,,,,,,,,,,,,,,,,,,,,,
,,,,,,,,,,,,,,,,,,,,,,,,
,,,,,,,,,,,,,,,,,,,,,,,,
,,,,,,,,,,,,,,,,,,,,,,,,
,,,,,,,,,,,,,,,,,,,,,,,,
,,,,,,,,,,,,,,,,,,,,,,,,
,,,,,,,,,,,,,,,,,,,,,,,,
,,,,,,,,,,,,,,,,,,,,,,,,
,,,,,,,,,,,,,,,,,,,,,,,,
,,,,,,,,,,,,,,,,,,,,,,,,
,,,,,,,,,,,,,,,,,,,,,,,,
,,,,,,,,,,,,,,,,,,,,,,,,
,,,,,,,,,,,,,,,,,,,,,,,,
,,,,,,,,,,,,,,,,,,,,,,,,
,,,,,,,,,,,,,,,,,,,,,,,,
,,,,,,,,,,,,,,,,,,,,,,,,
,,,,,,,,,,,,,,,,,,,,,,,,
,,,,,,,,,,,,,,,,,,,,,,,,
,,,,,,,,,,,,,,,,,,,,,,,,
,,,,,,,,,,,,,,,,,,,,,,,,
,,,,,,,,,,,,,,,,,,,,,,,,
,,,,,,,,,,,,,,,,,,,,,,,,
,,,,,,,,,,,,,,,,,,,,,,,,
,,,,,,,,,,,,,,,,,,,,,,,,
,,,,,,,,,,,,,,,,,,,,,,,,
,,,,,,,,,,,,,,,,,,,,,,,,
,,,,,,,,,,,,,,,,,,,,,,,,
,,,,,,,,,,,,,,,,,,,,,,,,
,,,,,,,,,,,,,,,,,,,,,,,,
,,,,,,,,,,,,,,,,,,,,,,,,
,,,,,,,,,,,,,,,,,,,,,,,,
,,,,,,,,,,,,,,,,,,,,,,,,
,,,,,,,,,,,,,,,,,,,,,,,,
,,,,,,,,,,,,,,,,,,,,,,,,
,,,,,,,,,,,,,,,,,,,,,,,,
,,,,,,,,,,,,,,,,,,,,,,,,
,,,,,,,,,,,,,,,,,,,,,,,,
,,,,,,,,,,,,,,,,,,,,,,,,
,,,,,,,,,,,,,,,,,,,,,,,,
,,,,,,,,,,,,,,,,,,,,,,,,
,,,,,,,,,,,,,,,,,,,,,,,,
,,,,,,,,,,,,,,,,,,,,,,,,
,,,,,,,,,,,,,,,,,,,,,,,,
,,,,,,,,,,,,,,,,,,,,,,,,
,,,,,,,,,,,,,,,,,,,,,,,,
,,,,,,,,,,,,,,,,,,,,,,,,
,,,,,,,,,,,,,,,,,,,,,,,,
,,,,,,,,,,,,,,,,,,,,,,,,
,,,,,,,,,,,,,,,,,,,,,,,,
,,,,,,,,,,,,,,,,,,,,,,,,
,,,,,,,,,,,,,,,,,,,,,,,,
,,,,,,,,,,,,,,,,,,,,,,,,
,,,,,,,,,,,,,,,,,,,,,,,,
,,,,,,,,,,,,,,,,,,,,,,,,
,,,,,,,,,,,,,,,,,,,,,,,,
,,,,,,,,,,,,,,,,,,,,,,,,
,,,,,,,,,,,,,,,,,,,,,,,,
,,,,,,,,,,,,,,,,,,,,,,,,
,,,,,,,,,,,,,,,,,,,,,,,,
,,,,,,,,,,,,,,,,,,,,,,,,
,,,,,,,,,,,,,,,,,,,,,,,,
,,,,,,,,,,,,,,,,,,,,,,,,
,,,,,,,,,,,,,,,,,,,,,,,,
,,,,,,,,,,,,,,,,,,,,,,,,
,,,,,,,,,,,,,,,,,,,,,,,,
,,,,,,,,,,,,,,,,,,,,,,,,
,,,,,,,,,,,,,,,,,,,,,,,,
,,,,,,,,,,,,,,,,,,,,,,,,
,,,,,,,,,,,,,,,,,,,,,,,,
,,,,,,,,,,,,,,,,,,,,,,,,
,,,,,,,,,,,,,,,,,,,,,,,,
,,,,,,,,,,,,,,,,,,,,,,,,
,,,,,,,,,,,,,,,,,,,,,,,,
,,,,,,,,,,,,,,,,,,,,,,,,
,,,,,,,,,,,,,,,,,,,,,,,,
,,,,,,,,,,,,,,,,,,,,,,,,
,,,,,,,,,,,,,,,,,,,,,,,,
,,,,,,,,,,,,,,,,,,,,,,,,
,,,,,,,,,,,,,,,,,,,,,,,,
,,,,,,,,,,,,,,,,,,,,,,,,
,,,,,,,,,,,,,,,,,,,,,,,,
,,,,,,,,,,,,,,,,,,,,,,,,
,,,,,,,,,,,,,,,,,,,,,,,,
,,,,,,,,,,,,,,,,,,,,,,,,
,,,,,,,,,,,,,,,,,,,,,,,,
,,,,,,,,,,,,,,,,,,,,,,,,
,,,,,,,,,,,,,,,,,,,,,,,,
,,,,,,,,,,,,,,,,,,,,,,,,
,,,,,,,,,,,,,,,,,,,,,,,,
,,,,,,,,,,,,,,,,,,,,,,,,
,,,,,,,,,,,,,,,,,,,,,,,,
,,,,,,,,,,,,,,,,,,,,,,,,
,,,,,,,,,,,,,,,,,,,,,,,,
,,,,,,,,,,,,,,,,,,,,,,,,
,,,,,,,,,,,,,,,,,,,,,,,,
,,,,,,,,,,,,,,,,,,,,,,,,
,,,,,,,,,,,,,,,,,,,,,,,,
,,,,,,,,,,,,,,,,,,,,,,,,
,,,,,,,,,,,,,,,,,,,,,,,,
,,,,,,,,,,,,,,,,,,,,,,,,
,,,,,,,,,,,,,,,,,,,,,,,,
,,,,,,,,,,,,,,,,,,,,,,,,
,,,,,,,,,,,,,,,,,,,,,,,,
,,,,,,,,,,,,,,,,,,,,,,,,
,,,,,,,,,,,,,,,,,,,,,,,,
,,,,,,,,,,,,,,,,,,,,,,,,
,,,,,,,,,,,,,,,,,,,,,,,,
,,,,,,,,,,,,,,,,,,,,,,,,
,,,,,,,,,,,,,,,,,,,,,,,,
,,,,,,,,,,,,,,,,,,,,,,,,
,,,,,,,,,,,,,,,,,,,,,,,,
,,,,,,,,,,,,,,,,,,,,,,,,
,,,,,,,,,,,,,,,,,,,,,,,,
,,,,,,,,,,,,,,,,,,,,,,,,
,,,,,,,,,,,,,,,,,,,,,,,,
,,,,,,,,,,,,,,,,,,,,,,,,
,,,,,,,,,,,,,,,,,,,,,,,,
,,,,,,,,,,,,,,,,,,,,,,,,
,,,,,,,,,,,,,,,,,,,,,,,,
,,,,,,,,,,,,,,,,,,,,,,,,
,,,,,,,,,,,,,,,,,,,,,,,,
,,,,,,,,,,,,,,,,,,,,,,,,
,,,,,,,,,,,,,,,,,,,,,,,,
,,,,,,,,,,,,,,,,,,,,,,,,
,,,,,,,,,,,,,,,,,,,,,,,,
,,,,,,,,,,,,,,,,,,,,,,,,
,,,,,,,,,,,,,,,,,,,,,,,,
,,,,,,,,,,,,,,,,,,,,,,,,
,,,,,,,,,,,,,,,,,,,,,,,,
,,,,,,,,,,,,,,,,,,,,,,,,
,,,,,,,,,,,,,,,,,,,,,,,,
,,,,,,,,,,,,,,,,,,,,,,,,
,,,,,,,,,,,,,,,,,,,,,,,,
,,,,,,,,,,,,,,,,,,,,,,,,
,,,,,,,,,,,,,,,,,,,,,,,,
,,,,,,,,,,,,,,,,,,,,,,,,
,,,,,,,,,,,,,,,,,,,,,,,,
,,,,,,,,,,,,,,,,,,,,,,,,
,,,,,,,,,,,,,,,,,,,,,,,,
,,,,,,,,,,,,,,,,,,,,,,,,
,,,,,,,,,,,,,,,,,,,,,,,,
,,,,,,,,,,,,,,,,,,,,,,,,
,,,,,,,,,,,,,,,,,,,,,,,,
,,,,,,,,,,,,,,,,,,,,,,,,
,,,,,,,,,,,,,,,,,,,,,,,,
,,,,,,,,,,,,,,,,,,,,,,,,
,,,,,,,,,,,,,,,,,,,,,,,,
,,,,,,,,,,,,,,,,,,,,,,,,
,,,,,,,,,,,,,,,,,,,,,,,,
,,,,,,,,,,,,,,,,,,,,,,,,
,,,,,,,,,,,,,,,,,,,,,,,,
,,,,,,,,,,,,,,,,,,,,,,,,
,,,,,,,,,,,,,,,,,,,,,,,,
,,,,,,,,,,,,,,,,,,,,,,,,
,,,,,,,,,,,,,,,,,,,,,,,,
,,,,,,,,,,,,,,,,,,,,,,,,
,,,,,,,,,,,,,,,,,,,,,,,,
,,,,,,,,,,,,,,,,,,,,,,,,
,,,,,,,,,,,,,,,,,,,,,,,,
,,,,,,,,,,,,,,,,,,,,,,,,
,,,,,,,,,,,,,,,,,,,,,,,,
,,,,,,,,,,,,,,,,,,,,,,,,
,,,,,,,,,,,,,,,,,,,,,,,,
,,,,,,,,,,,,,,,,,,,,,,,,
,,,,,,,,,,,,,,,,,,,,,,,,
,,,,,,,,,,,,,,,,,,,,,,,,
,,,,,,,,,,,,,,,,,,,,,,,,
,,,,,,,,,,,,,,,,,,,,,,,,
,,,,,,,,,,,,,,,,,,,,,,,,
,,,,,,,,,,,,,,,,,,,,,,,,
,,,,,,,,,,,,,,,,,,,,,,,,
,,,,,,,,,,,,,,,,,,,,,,,,
,,,,,,,,,,,,,,,,,,,,,,,,
,,,,,,,,,,,,,,,,,,,,,,,,
,,,,,,,,,,,,,,,,,,,,,,,,
,,,,,,,,,,,,,,,,,,,,,,,,
,,,,,,,,,,,,,,,,,,,,,,,,
,,,,,,,,,,,,,,,,,,,,,,,,
,,,,,,,,,,,,,,,,,,,,,,,,
,,,,,,,,,,,,,,,,,,,,,,,,
,,,,,,,,,,,,,,,,,,,,,,,,
,,,,,,,,,,,,,,,,,,,,,,,,
,,,,,,,,,,,,,,,,,,,,,,,,
,,,,,,,,,,,,,,,,,,,,,,,,
,,,,,,,,,,,,,,,,,,,,,,,,
,,,,,,,,,,,,,,,,,,,,,,,,
,,,,,,,,,,,,,,,,,,,,,,,,
,,,,,,,,,,,,,,,,,,,,,,,,
,,,,,,,,,,,,,,,,,,,,,,,,
